{
    "title": "Dionis López Ramos | Portafolio",
    "description": "I'm a Cuban software engineer and Data Sciences, Phd in Computer Sciences and AI researcher",
    "image": "/avatar_main.jpg",
    "avatar": "/avatar_main.jpg",
    "name": "Dionis López Ramos",
    "skill": "Software Developer, Data Sciences and AI researcher",
    "location": "Santiago de Cuba, Cuba",
    "media": {
        "email": "inoid2007@gmail.com",
        "cv": "/data/cv_main.pdf",
        "github": "https://github.com/dionis",
        "likedin": "https://www.linkedin.com/in/dionis-lopez-ramos/"
    },
    "about": "I'm degree in Computer Sciences, with a degree in MSc and PhD in Computer Sciences and Software Developer with more of 15 experiences years. I worked in several software enterprise and freelancer.",
    "technologies": [
        {
            "icon": "devicon-java-plain",
            "name": "Java"
        },
        {
            "icon": "devicon-typescript-plain",
            "name": "Typescript"
        },
        {
            "icon": "devicon-cplusplus-plain",
            "name": "C++"
        },
        {
            "icon": "devicon-python-plain",
            "name": "Python"
        },
        {
            "icon": "devicon-dart-plain",
            "name": "Dart"
        },
        {
            "icon": "devicon-php-plain",
            "name": "Php"
        },
        {
            "icon": "devicon-android-plain",
            "name": "Android"
        },
        {
            "icon": "devicon-flutter-plain",
            "name": "Flutter"
        },
        {
            "icon": "devicon-postgresql-plain",
            "name": "Postgresql"
        },
        {
            "icon": "devicon-mysql-plain",
            "name": "Mysql"
        },
        {
            "icon": "devicon-mongodb-plain",
            "name": "Mongodb"
        },
        {
            "icon": "devicon-docker-plain",
            "name": "Docker"
        },
        {
            "icon": "devicon-angular-plain",
            "name": "Angular"
        },
        {
            "icon": "devicon-react-plain",
            "name": "React"
        },
        {
            "icon": "devicon-vuejs-plain",
            "name": "Vuejs"
        },
        {
            "icon": "devicon-amazonwebservices-plain-wordmark",
            "name": "AWS"
        },
        {
            "icon": " devicon-googlecloud-plain",
            "name": "Google Cloud Platform"
        }
    ],
    "experience": [
        {
            "icon": "terminal",
            "title": "Datys Inc.",
            "subtitle": "Developer and Team Leader",
            "description": "Software developer.",
            "date": "2007-2016"
        },
        {
            "icon": "terminal",
            "title": "PitBloc Inc.",
            "subtitle": "Developer",
            "description": "Software developer.",
            "date": "2016-2017"
        },
        {
            "icon": "terminal",
            "title": "First Due Inc.",
            "subtitle": "Developer",
            "description": "Software developer.",
            "date": "2022-2024"
        },
         {"icon": "terminal",
            "title": "ProdevSolution Inc.",
            "subtitle": "Developer",
            "description": "Software developer.",
            "date": "2020-2024"
        },
           {"icon": "terminal",
            "title": "Universidad de Oriente, Cuba",
            "subtitle": "Teacher",
            "description": "Artificial Intelligence, Image Processing, Data Structured and Algorithms, Web Programing.",
            "date": "2007-2023"
        }
    ],
    "projects": [
        {
            "icon": "brain-circuit",
            "title": " A hybrid model that combines the continual and deep learning approaches for Aspect Sentiment Classification",
            "subtitle": "A hybrid model that combines the continual and deep learning approaches for Aspect Sentiment Classification",
            "description": "The model starts from a Bidirectional Encoder \n Representations from Transformers (BERT) model and\n improves the Continual Learning (CL) disadvantages based on:\n\n  - Combining a CL regularization approach in NLP (i.e.,\nABSA) with a gradient descent modiϐication algorithm to preserve relevant weights in a CL scenario.\n\n   - Using the output of a pretrained BERT model to\nimprove the results and tune the BERT model on the\nCL process.",
            "technologies": [
                {
                    "icon": "devicon-python-plain",
                    "name": "Python"
                },
                {
                    "icon": "devicon-pytorch-original",
                    "name": "Pytorch"
                }
            ],
            "image": "/project_1_llm.jpg",
            "github": "https://github.com/dionis/ABSA-DeepMultidomain"
        },
        {
            "icon": "brain-circuit",
            "title": "A Hotel Recommender: Multi-Agent Framework with CrewAI and Groq",
            "subtitle": "With CrewAI library create an agent for hotels recommendation using groq as API for calling LLM request",
            "description": "With CrewAI library create an agent for hotels recommendation using groq as API for calling LLM request.",
            "technologies": [
               {
                    "icon": "devicon-python-plain",
                    "name": "Python"
                },
                {
                    "icon": "devicon-pytorch-original",
                    "name": "Pytorch"
                },
                {
                    "icon": "devicon-python-plain",
                    "name": "LangChain"
                }
            ],
            "image": "/project_3_llm.jpg",
            "github": "https://github.com/thomasanderson"
        },
        {
            "icon": "notebook-pen",
            "title": "An tutorial course about Generative Artificial Intelligence",
            "subtitle": "An spanish course about Generative Artificial Intelligence",
            "description": "An spanish course about Generative Artificial Intelligence.",
            "technologies": [
               {
                    "icon": "devicon-python-plain",
                    "name": "Python"
                },
                {
                    "icon": "devicon-pytorch-original",
                    "name": "Pytorch"
                },
                {
                    "icon": "devicon-python-plain",
                    "name": "LangChain"
                }
            ],
            "image": "/project_2_llm.jpg",
            "url": "https://www.youtube.com/watch?v=2OJIo6XwyGI&list=PL8k-7BmC9Spau1M9BiKWXsA0i6wXypmnT"
        }
    ],
    "training": [
        {
            "icon": "graduation-cap",
            "title": "Phd in Computer Sciences",
            "subtitle": "Universidad Central \"Martha Abreu\", Las Villas (Santa Clara, Cuba)",
            "description": "Degree as Phd in Computer Sciences with a research about Deep and Lifelong Learning and Natural Language Processing (NLP)",
            "date": "2024",
            "certificate": "https://en.wikipedia.org/wiki/Neo_(The_Matrix)"
        },
        {
            "icon": "graduation-cap",
            "title": "MSc in Computer Sciences",
            "subtitle": "Universidad de Oriente (Santiago de Cuba, Cuba)",
            "description": "Degree as MSc in Computer Sciences with a research about Artificial Intelligence and Sentiment Analysis.",
            "date": "2013",
            "certificate": "https://en.wikipedia.org/wiki/Neo_(The_Matrix)"
        },
        {
            "icon": "graduation-cap",
            "title": "Bachelor of Computer Science",
            "subtitle": "Universidad de Oriente (Santiago de Cuba, Cuba)",
            "description": "Degree as Bachelor of Computer Science.",
            "date": "2007",
            "certificate": "https://en.wikipedia.org/wiki/Neo_(The_Matrix)"
        }
    ],
    "extras": [
        {
            "image": "/award.ico",
            "title": "Winner of the iStartUp award at D4D (Brussels, Belgium)",
            "description": "Winner of the Digital for Development (D4D) grand prize for best proposal for StartUp with the WisePocket project.",
            "url": "https://misiones.cubaminrex.cu/es/cuba-belgica-premio-prize-digital-development-d4d-2018-colaboracion-interuniversitaria-universidad"
        }
    ]
}